ID,Name,Email,Gender,Status,Created At,Updated At
1918806,Arunasddad,reddy_una@mueller.example,male,active,Sat May 27 2023 16:23:29 GMT+0530 (India Standard Time),Sat May 27 2023 16:23:29 GMT+0530 (India Standard Time)
1918807,Raju,Raju@harvey-bruen.example,female,active,Sat May 27 2023 16:23:29 GMT+0530 (India Standard Time),Sat May 27 2023 16:23:29 GMT+0530 (India Standard Time)
1918800,Anwesha Dubashi,anwesha_dubashi@goyette-dare.example,female,inactive,Sat May 27 2023 16:23:29 GMT+0530 (India Standard Time),Sat May 27 2023 16:23:29 GMT+0530 (India Standard Time)
1918799,Anwesha Mukhopadhyay,anwesha_mukhopadhyay@beatty-nienow.example,male,inactive,Sat May 27 2023 16:23:29 GMT+0530 (India Standard Time),Sat May 27 2023 16:23:29 GMT+0530 (India Standard Time)
1918801,Gandharva Gill JD,gandharva_jd_gill@hand-mclaughlin.example,female,active,Sat May 27 2023 16:23:29 GMT+0530 (India Standard Time),Sat May 27 2023 16:23:29 GMT+0530 (India Standard Time)
1918797,Updkasdccme,updatdecedkemail@gmail.com,female,inactive,Sat May 27 2023 16:23:29 GMT+0530 (India Standard Time),Sat May 27 2023 16:23:29 GMT+0530 (India Standard Time)
1918803,Lai Deshpande DVM,lai_deshpande_dvm@wisoky-rowe.example,female,inactive,Sat May 27 2023 16:23:29 GMT+0530 (India Standard Time),Sat May 27 2023 16:23:29 GMT+0530 (India Standard Time)
1918801,Gandharva Gill JD,gandharva_jd_gill@hand-mclaughlin.example,female,active,Sat May 27 2023 16:23:29 GMT+0530 (India Standard Time),Sat May 27 2023 16:23:29 GMT+0530 (India Standard Time)
1918799,Anwesha Mukhopadhyay,anwesha_mukhopadhyay@beatty-nienow.example,male,inactive,Sat May 27 2023 16:23:29 GMT+0530 (India Standard Time),Sat May 27 2023 16:23:29 GMT+0530 (India Standard Time)
1918798,Bhadra Banerjee,bhadra_banerjee@hirthe-miller.example,male,inactive,Sat May 27 2023 16:23:29 GMT+0530 (India Standard Time),Sat May 27 2023 16:23:29 GMT+0530 (India Standard Time)
1918796,Puneet Joshi,joshi_puneet@lubowitz-runolfsson.example,female,active,Sat May 27 2023 16:23:29 GMT+0530 (India Standard Time),Sat May 27 2023 16:23:29 GMT+0530 (India Standard Time)
1918795,Kanak Prajapat,prajapat_kanak@morissette.example,male,inactive,Sat May 27 2023 16:23:29 GMT+0530 (India Standard Time),Sat May 27 2023 16:23:29 GMT+0530 (India Standard Time)
1918794,Shreya Rana,shreya_rana@kemmer-prohaska.example,male,active,Sat May 27 2023 16:23:29 GMT+0530 (India Standard Time),Sat May 27 2023 16:23:29 GMT+0530 (India Standard Time)
1918793,Ahalya Bharadwaj I,bharadwaj_i_ahalya@stroman-jerde.test,female,active,Sat May 27 2023 16:23:29 GMT+0530 (India Standard Time),Sat May 27 2023 16:23:29 GMT+0530 (India Standard Time)
1918797,Updated Name,updatedemail@example.com,female,inactive,Sat May 20 2023 23:54:14 GMT+0530 (India Standard Time),Sat May 20 2023 23:54:14 GMT+0530 (India Standard Time)
1852579,Rati Abbott,rati_abbott@bergnaum.test,male,active,Sat May 20 2023 23:54:14 GMT+0530 (India Standard Time),Sat May 20 2023 23:54:14 GMT+0530 (India Standard Time)
1831852,Gopee Naik,naik_gopee@brekke.test,male,active,Sat May 20 2023 23:54:14 GMT+0530 (India Standard Time),Sat May 20 2023 23:54:14 GMT+0530 (India Standard Time)
1831850,Gandharva Pilla JD,pilla_jd_gandharva@kihn.example,female,active,Sat May 20 2023 23:54:14 GMT+0530 (India Standard Time),Sat May 20 2023 23:54:14 GMT+0530 (India Standard Time)
1831848,Geeta Pandey MD,md_geeta_pandey@feest.example,female,active,Sat May 20 2023 23:54:14 GMT+0530 (India Standard Time),Sat May 20 2023 23:54:14 GMT+0530 (India Standard Time)
1831846,Ranjeet Naik,ranjeet_naik@lesch-turcotte.example,female,inactive,Sat May 20 2023 23:54:14 GMT+0530 (India Standard Time),Sat May 20 2023 23:54:14 GMT+0530 (India Standard Time)
1831841,Kamala Kocchar,kocchar_kamala@lang.test,male,active,Sat May 20 2023 23:54:14 GMT+0530 (India Standard Time),Sat May 20 2023 23:54:14 GMT+0530 (India Standard Time)
1831840,Chandra Singh,chandra_singh@marvin.example,female,inactive,Sat May 20 2023 23:54:14 GMT+0530 (India Standard Time),Sat May 20 2023 23:54:14 GMT+0530 (India Standard Time)
1831838,Aanandaswarup Sethi,sethi_aanandaswarup@larkin-kautzer.example,male,active,Sat May 20 2023 23:54:14 GMT+0530 (India Standard Time),Sat May 20 2023 23:54:14 GMT+0530 (India Standard Time)
1918809,Rajkumar1234,rajkumarandeka122r1144@gmail.com,male,active,Sat May 27 2023 16:08:51 GMT+0530 (India Standard Time),Sat May 27 2023 16:08:51 GMT+0530 (India Standard Time)
